{
  "cand": 3,
  "decoded": {
    "alpha_c": 0.6475596144061196,
    "barrier_strength": 0.3008177414177624,
    "init_rrp": 5.221983430577487,
    "lambda_loge": 0.9402159835256224,
    "post_fast_lr": 0.0036927969344274156,
    "post_slow_lr": 0.0005375433416173903,
    "prime_rate": 0.10417526309333584,
    "rec_rate": 0.18417410103306991,
    "stochastic_train_frac": 0.3415821086978462,
    "tau_c": 0.7949227709588337
  },
  "gen": 0,
  "score": 10.854063034057617,
  "train_summary_path": "cmaes/phase1/68v_pilot_cpu/eval/gen_0000/cand_0003/seed_123/summary.json",
  "x": [
    0.7949227709588337,
    0.6475596144061196,
    5.221983430577487,
    0.10417526309333584,
    0.18417410103306991,
    0.9402159835256224,
    0.3008177414177624,
    0.3415821086978462,
    -2.4326445733894677,
    -3.2695865132422965
  ]
}
