{
  "cand": 0,
  "decoded": {
    "alpha_c": 0.603637859719954,
    "barrier_strength": 0.04048033095398629,
    "init_rrp": 5.760173280137071,
    "lambda_loge": 1.1238612461338524,
    "post_fast_lr": 0.0006789033874050629,
    "post_slow_lr": 0.0003904233483147881,
    "prime_rate": 0.14723625292258152,
    "rec_rate": 0.14673615158364364,
    "stochastic_train_frac": 0.14825769009304396,
    "tau_c": 0.9823098721819454
  },
  "gen": 0,
  "score": 10.854065895080566,
  "train_summary_path": "cmaes/phase1/68v_smoke_cpu/eval/gen_0000/cand_0000/seed_123/summary.json",
  "x": [
    0.9823098721819454,
    0.603637859719954,
    5.760173280137071,
    0.14723625292258152,
    0.14673615158364364,
    1.1238612461338524,
    0.04048033095398629,
    0.14825769009304396,
    -3.168192024397259,
    -3.4084642183079383
  ]
}
