{
  "alpha_c": 0.5628339159650702,
  "barrier_strength": 0.06290511223239079,
  "init_rrp": 6.150539926142292,
  "lambda_loge": 1.1450025555341714,
  "post_fast_lr": 0.004934011322364937,
  "post_slow_lr": 0.0008182290101270273,
  "prime_rate": 0.05817015799772913,
  "rec_rate": 0.2,
  "stochastic_train_frac": 0.27149099443885205,
  "tau_c": 0.99
}
