{
  "alpha_c": 0.17781262013313182,
  "barrier_strength": 0.12024767717224205,
  "init_rrp": 6.066738949202582,
  "lambda_loge": 1.1144248762627513,
  "post_fast_lr": 0.0018255158781668155,
  "post_slow_lr": 0.000666177855543765,
  "prime_rate": 0.04848734304025351,
  "rec_rate": 0.08951337204464269,
  "stochastic_train_frac": 0.12490142523386774,
  "tau_c": 0.9129548433769166
}
